step,time_ps,signed_volume_nm3,improper_deg,potential_kj_mol
0,0.0,0.002478557570745264,32.45018845160786,295.26547886172114
1000,1.0,0.002392494284794558,31.1111205603727,329.8143739936027
2000,2.0,0.0023676622191547095,28.643891015396164,353.6896425320434
3000,3.0,0.002562926798441813,33.1768242664361,338.29502640728964
4000,4.0,0.002713215886116986,33.79210911642179,338.79554889299743
5000,5.0,0.002475770200961582,30.68454575403345,347.0840633771904
6000,6.0,0.0025487284310871127,32.778222984277086,372.1548552099046
7000,7.0,0.00262073327592624,34.73310787395878,357.83424542701977
8000,8.0,0.002470143401861093,31.32872565663552,369.1692658070026
9000,9.0,0.0026693516955817245,32.516406010046914,341.11762054537803
10000,10.0,0.0024245125021160625,30.995456722775685,348.61872317997694
11000,11.0,0.0023403917442165996,30.637272168736146,348.6469135257132
12000,12.0,0.0022093908708995763,30.497265833237535,344.34370937280636
13000,13.0,0.002344625491668877,29.42254297023486,363.60422544519884
14000,14.0,0.0026362000794787448,33.76905098686421,365.2580720195231
15000,15.0,0.0020545347025876307,30.534732781356663,356.75659872714675
16000,16.0,0.0024838637958511482,32.10417400566031,367.630611835757
17000,17.0,0.002768726531515083,31.23674047811111,359.8221535448034
18000,18.0,0.0022913517163935873,30.647050641391324,360.7618778003157
19000,19.0,0.002288618632022488,29.21390921914707,425.7366448064698
20000,20.0,0.002633920151169607,34.791401650261925,346.41666581085406
21000,21.0,0.0025812764762582763,30.397108509400088,331.22090662370863
22000,22.0,0.002570880033684005,34.15703919846388,344.9786436628001
23000,23.0,0.002469567490217285,31.14206943583617,354.7590656037029
24000,24.0,0.002354258845436428,34.183982349277684,349.108364958919
25000,25.0,0.0026645020800866595,30.993524218459086,349.88800113359844
26000,26.0,0.0024113193818128768,31.842913972513042,366.8275827214056
27000,27.0,0.002362330027951865,34.12278243827178,355.8772739231776
28000,28.0,0.0022578602884270995,30.84653502038337,353.5402016883756
29000,29.0,0.0022344915141083903,30.075773781074247,332.564409051267
30000,30.0,0.0021641435022527506,29.807074151432758,323.73489755749216
31000,31.0,0.002596361518797648,33.03856729459273,334.1448130748365
32000,32.0,0.002444462885551987,30.502598462764507,337.36705083965205
33000,33.0,0.0025079670077148256,29.64059228210066,345.59331129738837
34000,34.0,0.0026384511280694713,34.62928493128048,339.5734036921971
35000,35.0,0.002682099953393428,35.07347063028253,328.30977494203813
36000,36.0,0.002547906065804189,34.554579834880194,335.1958396433903
37000,37.0,0.002536456999776672,32.04157990470478,336.24693688073705
38000,38.0,0.0024576345501743126,32.38408665982537,326.9176255321746
39000,39.0,0.002559647400467377,32.21026072357804,340.3527637560877
40000,40.0,0.002247128744766625,30.80441065865003,357.8520524163977
41000,41.0,0.002468224926263107,33.054004468226374,335.53903865315056
42000,42.0,0.0026788113786415067,34.477439088550526,334.1970341604607
43000,43.0,0.0026192330424833,33.68274043643347,326.83905121450607
44000,44.0,0.0025769304953815655,32.170442020188574,348.17492741282604
45000,45.0,0.0025647598645098754,33.80463693701389,342.99983219902646
46000,46.0,0.002489077087363931,33.02798212021849,335.43195322694856
47000,47.0,0.002409768532287019,33.73465210234898,339.51516336340353
48000,48.0,0.0020676234999121123,25.739565664213394,371.2047019977915
49000,49.0,0.002290444861013332,33.561429945270554,379.0074053717624
50000,50.0,0.002152965420731939,28.963400046897235,349.0025716334358
51000,51.0,0.0023697839322645415,32.68028790142098,348.90371211036575
52000,52.0,0.002821730523388467,33.747878362469585,344.4970943224215
53000,53.0,0.0024618454450453667,33.68917918111299,335.9771604933907
54000,54.0,0.0021968005789864556,31.104220654672954,337.1239930145482
55000,55.0,0.00239640825188284,31.00412177573542,325.86706210337786
56000,56.0,0.0023071352397264766,31.726499743364638,340.80397962249043
57000,57.0,0.0026026002179042555,34.98710916361465,363.067681985866
58000,58.0,0.002270923103586025,31.25436455799951,354.61310620689557
59000,59.0,0.002869784915985033,35.559775166315816,352.7069644046173
60000,60.0,0.0026853723191816153,34.487370361504425,355.01458057578924
61000,61.0,0.002368635308837546,31.65089572454433,372.8209137015728
62000,62.0,0.002812937939724463,37.058596609472076,362.5194126018164
63000,63.0,0.0025671735293583487,34.76239671231363,331.99950339411083
64000,64.0,0.002641575982561619,31.459852095349667,346.4512605882379
65000,65.0,0.0022613344651435793,33.13057538246952,326.8024345724085
66000,66.0,0.002504931552533287,30.183730719164007,336.9802226347652
67000,67.0,0.002669171171908363,34.20228023579673,352.1231075514435
68000,68.0,0.002309191385181913,30.20222602002706,342.6438447698195
69000,69.0,0.002443587251688464,31.32385688649403,323.1788826570916
70000,70.0,0.0027577610721155636,35.07057805331085,332.35991940254894
71000,71.0,0.0025029257805381532,33.85307498090044,352.61707253115685
72000,72.0,0.0024264649890161014,34.48548860342435,349.54480896983137
73000,73.0,0.0022423617972914503,30.81855079032812,337.94891226019365
74000,74.0,0.002624706056214136,34.38552073095733,367.9248129972157
75000,75.0,0.0024919395764859092,32.233759130740516,342.8802601678408
76000,76.0,0.002194426599333672,29.946686059860706,333.75941669437105
77000,77.0,0.0023045486041637217,31.16291041063746,343.68508016468434
78000,78.0,0.0019805725318946853,26.41274151213464,358.02388672119855
79000,79.0,0.002434269127129048,33.8129836353046,372.57965176553637
80000,80.0,0.0022852388679642246,33.035325453762255,347.01433956906317
81000,81.0,0.0022306183505474294,31.037208553385746,346.8543325188206
82000,82.0,0.002497018586692862,34.12107701967402,344.00648812697676
83000,83.0,0.0023228536655300015,30.332918689330466,359.927444602858
84000,84.0,0.002288860420728744,31.26847045357738,391.8976278323959
85000,85.0,0.0025449385835841273,34.81985091722188,347.20408341061955
86000,86.0,0.0025918796472053974,32.383965875569,354.34396840719353
87000,87.0,0.0024996240331563923,34.95462770821276,354.626611176233
88000,88.0,0.002530548429012907,31.602295690039465,332.0923443457078
89000,89.0,0.002540745746239465,32.8338920412365,329.68489297542396
90000,90.0,0.0024243854503912666,32.435674821863635,336.1675866151056
91000,91.0,0.0023386301276305923,32.83020634973515,332.0171532510982
92000,92.0,0.002443829241591174,31.618298190346685,327.6091892530284
93000,93.0,0.0025173137367617807,29.443269764429214,324.0367753891745
94000,94.0,0.002629114160878347,36.21674170774792,343.0881170690901
95000,95.0,0.0025155425176948618,31.686422812828134,319.4904559595152
96000,96.0,0.002568710143686096,33.51801497443197,329.9403883026751
97000,97.0,0.0024239284547870844,31.008627109610828,316.53139313191105
98000,98.0,0.002350946389669249,31.49169883083437,335.903487351248
99000,99.0,0.0023407970716735984,31.02731143579339,361.69395426201845
100000,100.0,0.0025941665528599264,32.89221092011358,340.2004678924742
